{
  "D32钢": {
    "龙门币": -400,
    "三水锰矿": -0.9878716577540106,
    "五水研磨石": -0.9878716577540106,
    "RMA70-24": -0.9892192513368984,
    "提纯源岩": 0.016171122994652405,
    "糖聚块": 0.012128342245989304,
    "聚酸酯块": 0.012128342245989304,
    "异铁块": 0.010780748663101605,
    "酮阵列": 0.010780748663101605,
    "改量装置": 0.008085561497326203,
    "白马醇": 0.01386096256684492,
    "聚合凝胶": 0.01386096256684492,
    "炽合金块": 0.012128342245989304,
    "晶体电路": 0.010780748663101605,
    "精炼溶剂": 0.012128342245989304,
    "切削原液": 0.012128342245989304
  },
  "双极纳米片": {
    "龙门币": -400,
    "改量装置": -0.9919144385026738,
    "白马醇": -1.9861390374331551,
    "提纯源岩": 0.016171122994652405,
    "糖聚块": 0.012128342245989304,
    "聚酸酯块": 0.012128342245989304,
    "异铁块": 0.010780748663101605,
    "酮阵列": 0.010780748663101605,
    "三水锰矿": 0.012128342245989304,
    "五水研磨石": 0.012128342245989304,
    "RMA70-24": 0.010780748663101605,
    "聚合凝胶": 0.01386096256684492,
    "炽合金块": 0.012128342245989304,
    "晶体电路": 0.010780748663101605,
    "精炼溶剂": 0.012128342245989304,
    "切削原液": 0.012128342245989304
  },
  "聚合剂": {
    "龙门币": -400,
    "提纯源岩": -0.9838288770053476,
    "异铁块": -0.9892192513368984,
    "酮阵列": -0.9892192513368984,
    "糖聚块": 0.012128342245989304,
    "聚酸酯块": 0.012128342245989304,
    "改量装置": 0.008085561497326203,
    "白马醇": 0.01386096256684492,
    "三水锰矿": 0.012128342245989304,
    "五水研磨石": 0.012128342245989304,
    "RMA70-24": 0.010780748663101605,
    "聚合凝胶": 0.01386096256684492,
    "炽合金块": 0.012128342245989304,
    "晶体电路": 0.010780748663101605,
    "精炼溶剂": 0.012128342245989304,
    "切削原液": 0.012128342245989304
  },
  "RMA70-24": {
    "龙门币": -300,
    "RMA70-12": -0.9911330049261083,
    "固源岩组": -1.9822660098522167,
    "酮凝集组": -0.9881773399014778,
    "糖组": 0.014778325123152709,
    "聚酸酯组": 0.014778325123152709,
    "异铁组": 0.011822660098522167,
    "全新装置": 0.008866995073891625,
    "扭转醇": 0.013300492610837438,
    "轻锰矿": 0.011822660098522167,
    "研磨石": 0.01064039408866995,
    "凝胶": 0.01064039408866995,
    "炽合金": 0.011822660098522167,
    "晶体元件": 0.011822660098522167,
    "半自然溶剂": 0.01064039408866995,
    "化合切削液": 0.01064039408866995
  },
  "五水研磨石": {
    "龙门币": -300,
    "研磨石": -0.9893596059113301,
    "异铁组": -0.9881773399014778,
    "全新装置": -0.9911330049261083,
    "固源岩组": 0.01773399014778325,
    "糖组": 0.014778325123152709,
    "聚酸酯组": 0.014778325123152709,
    "酮凝集组": 0.011822660098522167,
    "扭转醇": 0.013300492610837438,
    "轻锰矿": 0.011822660098522167,
    "RMA70-12": 0.008866995073891625,
    "凝胶": 0.01064039408866995,
    "炽合金": 0.011822660098522167,
    "晶体元件": 0.011822660098522167,
    "半自然溶剂": 0.01064039408866995,
    "化合切削液": 0.01064039408866995
  },
  "三水锰矿": {
    "龙门币": -300,
    "轻锰矿": -1.988177339901478,
    "聚酸酯组": -0.9852216748768473,
    "扭转醇": -0.9866995073891626,
    "固源岩组": 0.01773399014778325,
    "糖组": 0.014778325123152709,
    "异铁组": 0.011822660098522167,
    "酮凝集组": 0.011822660098522167,
    "全新装置": 0.008866995073891625,
    "研磨石": 0.01064039408866995,
    "RMA70-12": 0.008866995073891625,
    "凝胶": 0.01064039408866995,
    "炽合金": 0.011822660098522167,
    "晶体元件": 0.011822660098522167,
    "半自然溶剂": 0.01064039408866995,
    "化合切削液": 0.01064039408866995
  },
  "白马醇": {
    "龙门币": -300,
    "扭转醇": -0.9866995073891626,
    "糖组": -0.9852216748768473,
    "RMA70-12": -0.9911330049261083,
    "固源岩组": 0.01773399014778325,
    "聚酸酯组": 0.014778325123152709,
    "异铁组": 0.011822660098522167,
    "酮凝集组": 0.011822660098522167,
    "全新装置": 0.008866995073891625,
    "轻锰矿": 0.011822660098522167,
    "研磨石": 0.01064039408866995,
    "凝胶": 0.01064039408866995,
    "炽合金": 0.011822660098522167,
    "晶体元件": 0.011822660098522167,
    "半自然溶剂": 0.01064039408866995,
    "化合切削液": 0.01064039408866995
  },
  "装置": {
    "龙门币": -100,
    "破损装置": -2.9810526315789474,
    "源岩": 0.047368421052631574,
    "代糖": 0.03157894736842105,
    "酯原料": 0.03157894736842105,
    "异铁碎片": 0.02526315789473684,
    "双酮": 0.02526315789473684
  },
  "全新装置": {
    "龙门币": -200,
    "装置": -3.9810526315789474,
    "固源岩": 0.047368421052631574,
    "糖": 0.03157894736842105,
    "聚酸酯": 0.03157894736842105,
    "异铁": 0.02526315789473684,
    "酮凝集": 0.02526315789473684
  },
  "改量装置": {
    "龙门币": -300,
    "全新装置": -0.9911330049261083,
    "固源岩组": -1.9822660098522167,
    "研磨石": -0.9893596059113301,
    "糖组": 0.014778325123152709,
    "聚酸酯组": 0.014778325123152709,
    "异铁组": 0.011822660098522167,
    "酮凝集组": 0.011822660098522167,
    "扭转醇": 0.013300492610837438,
    "轻锰矿": 0.011822660098522167,
    "RMA70-12": 0.008866995073891625,
    "凝胶": 0.01064039408866995,
    "炽合金": 0.011822660098522167,
    "晶体元件": 0.011822660098522167,
    "半自然溶剂": 0.01064039408866995,
    "化合切削液": 0.01064039408866995
  },
  "酮凝集": {
    "龙门币": -100,
    "双酮": -2.9747368421052633,
    "源岩": 0.047368421052631574,
    "代糖": 0.03157894736842105,
    "酯原料": 0.03157894736842105,
    "异铁碎片": 0.02526315789473684,
    "破损装置": 0.018947368421052633
  },
  "酮凝集组": {
    "龙门币": -200,
    "酮凝集": -3.9747368421052633,
    "固源岩": 0.047368421052631574,
    "糖": 0.03157894736842105,
    "聚酸酯": 0.03157894736842105,
    "异铁": 0.02526315789473684,
    "装置": 0.018947368421052633
  },
  "酮阵列": {
    "龙门币": -300,
    "酮凝集组": -1.988177339901478,
    "糖组": -0.9852216748768473,
    "轻锰矿": -0.9881773399014778,
    "固源岩组": 0.01773399014778325,
    "聚酸酯组": 0.014778325123152709,
    "异铁组": 0.011822660098522167,
    "全新装置": 0.008866995073891625,
    "扭转醇": 0.013300492610837438,
    "研磨石": 0.01064039408866995,
    "RMA70-12": 0.008866995073891625,
    "凝胶": 0.01064039408866995,
    "炽合金": 0.011822660098522167,
    "晶体元件": 0.011822660098522167,
    "半自然溶剂": 0.01064039408866995,
    "化合切削液": 0.01064039408866995
  },
  "异铁": {
    "龙门币": -100,
    "异铁碎片": -2.9747368421052633,
    "源岩": 0.047368421052631574,
    "代糖": 0.03157894736842105,
    "酯原料": 0.03157894736842105,
    "双酮": 0.02526315789473684,
    "破损装置": 0.018947368421052633
  },
  "异铁组": {
    "龙门币": -200,
    "异铁": -3.9747368421052633,
    "固源岩": 0.047368421052631574,
    "糖": 0.03157894736842105,
    "聚酸酯": 0.03157894736842105,
    "酮凝集": 0.02526315789473684,
    "装置": 0.018947368421052633
  },
  "异铁块": {
    "龙门币": -300,
    "异铁组": -1.988177339901478,
    "全新装置": -0.9911330049261083,
    "聚酸酯组": -0.9852216748768473,
    "固源岩组": 0.01773399014778325,
    "糖组": 0.014778325123152709,
    "酮凝集组": 0.011822660098522167,
    "扭转醇": 0.013300492610837438,
    "轻锰矿": 0.011822660098522167,
    "研磨石": 0.01064039408866995,
    "RMA70-12": 0.008866995073891625,
    "凝胶": 0.01064039408866995,
    "炽合金": 0.011822660098522167,
    "晶体元件": 0.011822660098522167,
    "半自然溶剂": 0.01064039408866995,
    "化合切削液": 0.01064039408866995
  },
  "聚酸酯": {
    "龙门币": -100,
    "酯原料": -2.968421052631579,
    "源岩": 0.047368421052631574,
    "代糖": 0.03157894736842105,
    "异铁碎片": 0.02526315789473684,
    "双酮": 0.02526315789473684,
    "破损装置": 0.018947368421052633
  },
  "聚酸酯组": {
    "龙门币": -200,
    "聚酸酯": -3.968421052631579,
    "固源岩": 0.047368421052631574,
    "糖": 0.03157894736842105,
    "异铁": 0.02526315789473684,
    "酮凝集": 0.02526315789473684,
    "装置": 0.018947368421052633
  },
  "聚酸酯块": {
    "龙门币": -300,
    "聚酸酯组": -1.9852216748768472,
    "酮凝集组": -0.9881773399014778,
    "扭转醇": -0.9866995073891626,
    "固源岩组": 0.01773399014778325,
    "糖组": 0.014778325123152709,
    "异铁组": 0.011822660098522167,
    "全新装置": 0.008866995073891625,
    "轻锰矿": 0.011822660098522167,
    "研磨石": 0.01064039408866995,
    "RMA70-12": 0.008866995073891625,
    "凝胶": 0.01064039408866995,
    "炽合金": 0.011822660098522167,
    "晶体元件": 0.011822660098522167,
    "半自然溶剂": 0.01064039408866995,
    "化合切削液": 0.01064039408866995
  },
  "糖": {
    "龙门币": -100,
    "代糖": -2.968421052631579,
    "源岩": 0.047368421052631574,
    "酯原料": 0.03157894736842105,
    "异铁碎片": 0.02526315789473684,
    "双酮": 0.02526315789473684,
    "破损装置": 0.018947368421052633
  },
  "糖组": {
    "龙门币": -200,
    "糖": -3.968421052631579,
    "固源岩": 0.047368421052631574,