{
  "D32钢": {
    "龙门币": -200.0,
    "三水锰矿": -0.9905668449197861,
    "五水研磨石": -0.9905668449197861,
    "RMA70-24": -0.9916149732620321,
    "提纯源岩": 0.012577540106951873,
    "糖聚块": 0.009433155080213904,
    "聚酸酯块": 0.009433155080213904,
    "异铁块": 0.008385026737967914,
    "酮阵列": 0.008385026737967914,
    "改量装置": 0.006288770053475936,
    "白马醇": 0.010780748663101606,
    "聚合凝胶": 0.010780748663101606,
    "炽合金块": 0.009433155080213904,
    "晶体电路": 0.008385026737967914,
    "精炼溶剂": 0.009433155080213904,
    "切削原液": 0.009433155080213904
  },
  "双极纳米片": {
    "龙门币": -200.0,
    "改量装置": -0.993711229946524,
    "白马醇": -1.9892192513368985,
    "提纯源岩": 0.012577540106951873,
    "糖聚块": 0.009433155080213904,
    "聚酸酯块": 0.009433155080213904,
    "异铁块": 0.008385026737967914,
    "酮阵列": 0.008385026737967914,
    "三水锰矿": 0.009433155080213904,
    "五水研磨石": 0.009433155080213904,
    "RMA70-24": 0.008385026737967914,
    "聚合凝胶": 0.010780748663101606,
    "炽合金块": 0.009433155080213904,
    "晶体电路": 0.008385026737967914,
    "精炼溶剂": 0.009433155080213904,
    "切削原液": 0.009433155080213904
  },
  "聚合剂": {
    "龙门币": -200.0,
    "提纯源岩": -0.9874224598930481,
    "异铁块": -0.9916149732620321,
    "酮阵列": -0.9916149732620321,
    "糖聚块": 0.009433155080213904,
    "聚酸酯块": 0.009433155080213904,
    "改量装置": 0.006288770053475936,
    "白马醇": 0.010780748663101606,
    "三水锰矿": 0.009433155080213904,
    "五水研磨石": 0.009433155080213904,
    "RMA70-24": 0.008385026737967914,
    "聚合凝胶": 0.010780748663101606,
    "炽合金块": 0.009433155080213904,
    "晶体电路": 0.008385026737967914,
    "精炼溶剂": 0.009433155080213904,
    "切削原液": 0.009433155080213904
  },
  "RMA70-24": {
    "龙门币": -150.0,
    "RMA70-12": -0.993103448275862,
    "固源岩组": -1.986206896551724,
    "酮凝集组": -0.9908045977011494,
    "糖组": 0.01149425287356322,
    "聚酸酯组": 0.01149425287356322,
    "异铁组": 0.009195402298850576,
    "全新装置": 0.006896551724137931,
    "扭转醇": 0.010344827586206898,
    "轻锰矿": 0.009195402298850576,
    "研磨石": 0.00827586206896552,
    "凝胶": 0.00827586206896552,
    "炽合金": 0.009195402298850576,
    "晶体元件": 0.009195402298850576,
    "半自然溶剂": 0.00827586206896552,
    "化合切削液": 0.00827586206896552
  },
  "五水研磨石": {
    "龙门币": -150.0,
    "研磨石": -0.9917241379310345,
    "异铁组": -0.9908045977011494,
    "全新装置": -0.993103448275862,
    "固源岩组": 0.013793103448275862,
    "糖组": 0.01149425287356322,
    "聚酸酯组": 0.01149425287356322,
    "酮凝集组": 0.009195402298850576,
    "扭转醇": 0.010344827586206898,
    "轻锰矿": 0.009195402298850576,
    "RMA70-12": 0.006896551724137931,
    "凝胶": 0.00827586206896552,
    "炽合金": 0.009195402298850576,
    "晶体元件": 0.009195402298850576,
    "半自然溶剂": 0.00827586206896552,
    "化合切削液": 0.00827586206896552
  },
  "三水锰矿": {
    "龙门币": -150.0,
    "轻锰矿": -1.9908045977011495,
    "聚酸酯组": -0.9885057471264368,
    "扭转醇": -0.9896551724137931,
    "固源岩组": 0.013793103448275862,
    "糖组": 0.01149425287356322,
    "异铁组": 0.009195402298850576,
    "酮凝集组": 0.009195402298850576,
    "全新装置": 0.006896551724137931,
    "研磨石": 0.00827586206896552,
    "RMA70-12": 0.006896551724137931,
    "凝胶": 0.00827586206896552,
    "炽合金": 0.009195402298850576,
    "晶体元件": 0.009195402298850576,
    "半自然溶剂": 0.00827586206896552,
    "化合切削液": 0.00827586206896552
  },
  "白马醇": {
    "龙门币": -150.0,
    "扭转醇": -0.9896551724137931,
    "糖组": -0.9885057471264368,
    "RMA70-12": -0.993103448275862,
    "固源岩组": 0.013793103448275862,
    "聚酸酯组": 0.01149425287356322,
    "异铁组": 0.009195402298850576,
    "酮凝集组": 0.009195402298850576,
    "全新装置": 0.006896551724137931,
    "轻锰矿": 0.009195402298850576,
    "研磨石": 0.00827586206896552,
    "凝胶": 0.00827586206896552,
    "炽合金": 0.009195402298850576,
    "晶体元件": 0.009195402298850576,
    "半自然溶剂": 0.00827586206896552,
    "化合切削液": 0.00827586206896552
  },
  "装置": {
    "龙门币": -50.0,
    "破损装置": -2.985263157894737,
    "源岩": 0.0368421052631579,
    "代糖": 0.024561403508771933,
    "酯原料": 0.024561403508771933,
    "异铁碎片": 0.019649122807017545,
    "双酮": 0.019649122807017545
  },
  "全新装置": {
    "龙门币": -100.0,
    "装置": -3.985263157894737,
    "固源岩": 0.0368421052631579,
    "糖": 0.024561403508771933,
    "聚酸酯": 0.024561403508771933,
    "异铁": 0.019649122807017545,
    "酮凝集": 0.019649122807017545
  },
  "改量装置": {
    "龙门币": -150.0,
    "全新装置": -0.993103448275862,
    "固源岩组": -1.986206896551724,
    "研磨石": -0.9917241379310345,
    "糖组": 0.01149425287356322,
    "聚酸酯组": 0.01149425287356322,
    "异铁组": 0.009195402298850576,
    "酮凝集组": 0.009195402298850576,
    "扭转醇": 0.010344827586206898,
    "轻锰矿": 0.009195402298850576,
    "RMA70-12": 0.006896551724137931,
    "凝胶": 0.00827586206896552,
    "炽合金": 0.009195402298850576,
    "晶体元件": 0.009195402298850576,
    "半自然溶剂": 0.00827586206896552,
    "化合切削液": 0.00827586206896552
  },
  "酮凝集": {
    "龙门币": -50.0,
    "双酮": -2.9803508771929823,
    "源岩": 0.0368421052631579,
    "代糖": 0.024561403508771933,
    "酯原料": 0.024561403508771933,
    "异铁碎片": 0.019649122807017545,
    "破损装置": 0.01473684210526316
  },
  "酮凝集组": {
    "龙门币": -100.0,
    "酮凝集": -3.9803508771929823,
    "固源岩": 0.0368421052631579,
    "糖": 0.024561403508771933,
    "聚酸酯": 0.024561403508771933,
    "异铁": 0.019649122807017545,
    "装置": 0.01473684210526316
  },
  "酮阵列": {
    "龙门币": -150.0,
    "酮凝集组": -1.9908045977011495,
    "糖组": -0.9885057471264368,
    "轻锰矿": -0.9908045977011494,
    "固源岩组": 0.013793103448275862,
    "聚酸酯组": 0.01149425287356322,
    "异铁组": 0.009195402298850576,
    "全新装置": 0.006896551724137931,
    "扭转醇": 0.010344827586206898,
    "研磨石": 0.00827586206896552,
    "RMA70-12": 0.006896551724137931,
    "凝胶": 0.00827586206896552,
    "炽合金": 0.009195402298850576,
    "晶体元件": 0.009195402298850576,
    "半自然溶剂": 0.00827586206896552,
    "化合切削液": 0.00827586206896552
  },
  "异铁": {
    "龙门币": -50.0,
    "异铁碎片": -2.9803508771929823,
    "源岩": 0.0368421052631579,
    "代糖": 0.024561403508771933,
    "酯原料": 0.024561403508771933,
    "双酮": 0.019649122807017545,
    "破损装置": 0.01473684210526316
  },
  "异铁组": {
    "龙门币": -100.0,
    "异铁": -3.9803508771929823,
    "固源岩": 0.0368421052631579,
    "糖": 0.024561403508771933,
    "聚酸酯": 0.024561403508771933,
    "酮凝集": 0.019649122807017545,
    "装置": 0.01473684210526316
  },
  "异铁块": {
    "龙门币": -150.0,
    "异铁组": -1.9908045977011495,
    "全新装置": -0.993103448275862,
    "聚酸酯组": -0.9885057471264368,
    "固源岩组": 0.013793103448275862,
    "糖组": 0.01149425287356322,
    "酮凝集组": 0.009195402298850576,
    "扭转醇": 0.010344827586206898,
    "轻锰矿": 0.009195402298850576,
    "研磨石": 0.00827586206896552,
    "RMA70-12": 0.006896551724137931,
    "凝胶": 0.00827586206896552,
    "炽合金": 0.009195402298850576,
    "晶体元件": 0.009195402298850576,
    "半自然溶剂": 0.00827586206896552,
    "化合切削液": 0.00827586206896552
  },
  "聚酸酯": {
    "龙门币": -50.0,
    "酯原料": -2.975438596491228,
    "源岩": 0.0368421052631579,
    "代糖": 0.024561403508771933,
    "异铁碎片": 0.019649122807017545,
    "双酮": 0.019649122807017545,
    "破损装置": 0.01473684210526316
  },
  "聚酸酯组": {
    "龙门币": -100.0,
    "聚酸酯": -3.975438596491228,
    "固源岩": 0.0368421052631579,
    "糖": 0.024561403508771933,
    "异铁": 0.019649122807017545,
    "酮凝集": 0.019649122807017545,
    "装置": 0.01473684210526316
  },
  "聚酸酯块": {
    "龙门币": -150.0,
    "聚酸酯组": -1.9885057471264367,
    "酮凝集组": -0.9908045977011494,
    "扭转醇": -0.9896551724137931,
    "固源岩组": 0.013793103448275862,
    "糖组": 0.01149425287356322,
    "异铁组": 0.009195402298850576,
    "全新装置": 0.006896551724137931,
    "轻锰矿": 0.009195402298850576,
    "研磨石": 0.00827586206896552,
    "RMA70-12": 0.006896551724137931,
    "凝胶": 0.00827586206896552,
    "炽合金": 0.009195402298850576,
    "晶体元件": 0.009195402298850576,
    "半自然溶剂": 0.00827586206896552,
    "化合切削液": 0.00827586206896552
  },
  "糖": {
    "龙门币": -50.0,
    "代糖": -2.975438596491228,
    "源岩": 0.0368421052631579,
    "酯原料": 0.024561403508771933,
    "异铁碎片": 0.019649122807017545,
    "双酮": 0.019649122807017545,
    "破损装置": 0.01473684210526316
  },
  "糖组": {
    "龙门币": -100.0,
    "糖": -3.975438596491228,