{
  "D32钢": {
    "龙门币": -400,
    "三水锰矿": -0.986524064171123,
    "五水研磨石": -0.986524064171123,
    "RMA70-24": -0.9880213903743316,
    "提纯源岩": 0.017967914438502673,
    "糖聚块": 0.013475935828877007,
    "聚酸酯块": 0.013475935828877007,
    "异铁块": 0.01197860962566845,
    "酮阵列": 0.01197860962566845,
    "改量装置": 0.008983957219251337,
    "白马醇": 0.015401069518716578,
    "聚合凝胶": 0.015401069518716578,
    "炽合金块": 0.013475935828877007,
    "晶体电路": 0.01197860962566845,
    "精炼溶剂": 0.013475935828877007,
    "切削原液": 0.013475935828877007
  },
  "双极纳米片": {
    "龙门币": -400,
    "改量装置": -0.9910160427807486,
    "白马醇": -1.9845989304812834,
    "提纯源岩": 0.017967914438502673,
    "糖聚块": 0.013475935828877007,
    "聚酸酯块": 0.013475935828877007,
    "异铁块": 0.01197860962566845,
    "酮阵列": 0.01197860962566845,
    "三水锰矿": 0.013475935828877007,
    "五水研磨石": 0.013475935828877007,
    "RMA70-24": 0.01197860962566845,
    "聚合凝胶": 0.015401069518716578,
    "炽合金块": 0.013475935828877007,
    "晶体电路": 0.01197860962566845,
    "精炼溶剂": 0.013475935828877007,
    "切削原液": 0.013475935828877007
  },
  "聚合剂": {
    "龙门币": -400,
    "提纯源岩": -0.9820320855614973,
    "异铁块": -0.9880213903743316,
    "酮阵列": -0.9880213903743316,
    "糖聚块": 0.013475935828877007,
    "聚酸酯块": 0.013475935828877007,
    "改量装置": 0.008983957219251337,
    "白马醇": 0.015401069518716578,
    "三水锰矿": 0.013475935828877007,
    "五水研磨石": 0.013475935828877007,
    "RMA70-24": 0.01197860962566845,
    "聚合凝胶": 0.015401069518716578,
    "炽合金块": 0.013475935828877007,
    "晶体电路": 0.01197860962566845,
    "精炼溶剂": 0.013475935828877007,
    "切削原液": 0.013475935828877007
  },
  "RMA70-24": {
    "龙门币": -300,
    "RMA70-12": -0.9901477832512315,
    "固源岩组": -1.980295566502463,
    "酮凝集组": -0.986863711001642,
    "糖组": 0.016420361247947456,
    "聚酸酯组": 0.016420361247947456,
    "异铁组": 0.013136288998357963,
    "全新装置": 0.009852216748768473,
    "扭转醇": 0.014778325123152709,
    "轻锰矿": 0.013136288998357963,
    "研磨石": 0.011822660098522168,
    "凝胶": 0.011822660098522168,
    "炽合金": 0.013136288998357963,
    "晶体元件": 0.013136288998357963,
    "半自然溶剂": 0.011822660098522168,
    "化合切削液": 0.011822660098522168
  },
  "五水研磨石": {
    "龙门币": -300,
    "研磨石": -0.9881773399014778,
    "异铁组": -0.986863711001642,
    "全新装置": -0.9901477832512315,
    "固源岩组": 0.019704433497536946,
    "糖组": 0.016420361247947456,
    "聚酸酯组": 0.016420361247947456,
    "酮凝集组": 0.013136288998357963,
    "扭转醇": 0.014778325123152709,
    "轻锰矿": 0.013136288998357963,
    "RMA70-12": 0.009852216748768473,
    "凝胶": 0.011822660098522168,
    "炽合金": 0.013136288998357963,
    "晶体元件": 0.013136288998357963,
    "半自然溶剂": 0.011822660098522168,
    "化合切削液": 0.011822660098522168
  },
  "三水锰矿": {
    "龙门币": -300,
    "轻锰矿": -1.986863711001642,
    "聚酸酯组": -0.9835796387520526,
    "扭转醇": -0.9852216748768473,
    "固源岩组": 0.019704433497536946,
    "糖组": 0.016420361247947456,
    "异铁组": 0.013136288998357963,
    "酮凝集组": 0.013136288998357963,
    "全新装置": 0.009852216748768473,
    "研磨石": 0.011822660098522168,
    "RMA70-12": 0.009852216748768473,
    "凝胶": 0.011822660098522168,
    "炽合金": 0.013136288998357963,
    "晶体元件": 0.013136288998357963,
    "半自然溶剂": 0.011822660098522168,
    "化合切削液": 0.011822660098522168
  },
  "白马醇": {
    "龙门币": -300,
    "扭转醇": -0.9852216748768473,
    "糖组": -0.9835796387520526,
    "RMA70-12": -0.9901477832512315,
    "固源岩组": 0.019704433497536946,
    "聚酸酯组": 0.016420361247947456,
    "异铁组": 0.013136288998357963,
    "酮凝集组": 0.013136288998357963,
    "全新装置": 0.009852216748768473,
    "轻锰矿": 0.013136288998357963,
    "研磨石": 0.011822660098522168,
    "凝胶": 0.011822660098522168,
    "炽合金": 0.013136288998357963,
    "晶体元件": 0.013136288998357963,
    "半自然溶剂": 0.011822660098522168,
    "化合切削液": 0.011822660098522168
  },
  "装置": {
    "龙门币": -100,
    "破损装置": -2.9789473684210526,
    "源岩": 0.05263157894736842,
    "代糖": 0.03508771929824561,
    "酯原料": 0.03508771929824561,
    "异铁碎片": 0.028070175438596492,
    "双酮": 0.028070175438596492
  },
  "全新装置": {
    "龙门币": -200,
    "装置": -3.9789473684210526,
    "固源岩": 0.05263157894736842,
    "糖": 0.03508771929824561,
    "聚酸酯": 0.03508771929824561,
    "异铁": 0.028070175438596492,
    "酮凝集": 0.028070175438596492
  },
  "改量装置": {
    "龙门币": -300,
    "全新装置": -0.9901477832512315,
    "固源岩组": -1.980295566502463,
    "研磨石": -0.9881773399014778,
    "糖组": 0.016420361247947456,
    "聚酸酯组": 0.016420361247947456,
    "异铁组": 0.013136288998357963,
    "酮凝集组": 0.013136288998357963,
    "扭转醇": 0.014778325123152709,
    "轻锰矿": 0.013136288998357963,
    "RMA70-12": 0.009852216748768473,
    "凝胶": 0.011822660098522168,
    "炽合金": 0.013136288998357963,
    "晶体元件": 0.013136288998357963,
    "半自然溶剂": 0.011822660098522168,
    "化合切削液": 0.011822660098522168
  },
  "酮凝集": {
    "龙门币": -100,
    "双酮": -2.9719298245614034,
    "源岩": 0.05263157894736842,
    "代糖": 0.03508771929824561,
    "酯原料": 0.03508771929824561,
    "异铁碎片": 0.028070175438596492,
    "破损装置": 0.02105263157894737
  },
  "酮凝集组": {
    "龙门币": -200,
    "酮凝集": -3.9719298245614034,
    "固源岩": 0.05263157894736842,
    "糖": 0.03508771929824561,
    "聚酸酯": 0.03508771929824561,
    "异铁": 0.028070175438596492,
    "装置": 0.02105263157894737
  },
  "酮阵列": {
    "龙门币": -300,
    "酮凝集组": -1.986863711001642,
    "糖组": -0.9835796387520526,
    "轻锰矿": -0.986863711001642,
    "固源岩组": 0.019704433497536946,
    "聚酸酯组": 0.016420361247947456,
    "异铁组": 0.013136288998357963,
    "全新装置": 0.009852216748768473,
    "扭转醇": 0.014778325123152709,
    "研磨石": 0.011822660098522168,
    "RMA70-12": 0.009852216748768473,
    "凝胶": 0.011822660098522168,
    "炽合金": 0.013136288998357963,
    "晶体元件": 0.013136288998357963,
    "半自然溶剂": 0.011822660098522168,
    "化合切削液": 0.011822660098522168
  },
  "异铁": {
    "龙门币": -100,
    "异铁碎片": -2.9719298245614034,
    "源岩": 0.05263157894736842,
    "代糖": 0.03508771929824561,
    "酯原料": 0.03508771929824561,
    "双酮": 0.028070175438596492,
    "破损装置": 0.02105263157894737
  },
  "异铁组": {
    "龙门币": -200,
    "异铁": -3.9719298245614034,
    "固源岩": 0.05263157894736842,
    "糖": 0.03508771929824561,
    "聚酸酯": 0.03508771929824561,
    "酮凝集": 0.028070175438596492,
    "装置": 0.02105263157894737
  },
  "异铁块": {
    "龙门币": -300,
    "异铁组": -1.986863711001642,
    "全新装置": -0.9901477832512315,
    "聚酸酯组": -0.9835796387520526,
    "固源岩组": 0.019704433497536946,
    "糖组": 0.016420361247947456,
    "酮凝集组": 0.013136288998357963,
    "扭转醇": 0.014778325123152709,
    "轻锰矿": 0.013136288998357963,
    "研磨石": 0.011822660098522168,
    "RMA70-12": 0.009852216748768473,
    "凝胶": 0.011822660098522168,
    "炽合金": 0.013136288998357963,
    "晶体元件": 0.013136288998357963,
    "半自然溶剂": 0.011822660098522168,
    "化合切削液": 0.011822660098522168
  },
  "聚酸酯": {
    "龙门币": -100,
    "酯原料": -2.9649122807017543,
    "源岩": 0.05263157894736842,
    "代糖": 0.03508771929824561,
    "异铁碎片": 0.028070175438596492,
    "双酮": 0.028070175438596492,
    "破损装置": 0.02105263157894737
  },
  "聚酸酯组": {
    "龙门币": -200,
    "聚酸酯": -3.9649122807017543,
    "固源岩": 0.05263157894736842,
    "糖": 0.03508771929824561,
    "异铁": 0.028070175438596492,
    "酮凝集": 0.028070175438596492,
    "装置": 0.02105263157894737
  },
  "聚酸酯块": {
    "龙门币": -300,
    "聚酸酯组": -1.9835796387520526,
    "酮凝集组": -0.986863711001642,
    "扭转醇": -0.9852216748768473,
    "固源岩组": 0.019704433497536946,
    "糖组": 0.016420361247947456,
    "异铁组": 0.013136288998357963,
    "全新装置": 0.009852216748768473,
    "轻锰矿": 0.013136288998357963,
    "研磨石": 0.011822660098522168,
    "RMA70-12": 0.009852216748768473,
    "凝胶": 0.011822660098522168,
    "炽合金": 0.013136288998357963,
    "晶体元件": 0.013136288998357963,
    "半自然溶剂": 0.011822660098522168,
    "化合切削液": 0.011822660098522168
  },
  "糖": {
    "龙门币": -100,
    "代糖": -2.9649122807017543,
    "源岩": 0.05263157894736842,
    "酯原料": 0.03508771929824561,
    "异铁碎片": 0.028070175438596492,
    "双酮": 0.028070175438596492,
    "破损装置": 0.02105263157894737
  },
  "糖组": {
    "龙门币": -200,
    "糖": -3.9649122807017543,
    "固源岩": 0.05263157894736842,